{
    "total_patients": 7001,
    "average_age": 51.91872589630053,
    "average_cholesterol": 184.6457670755717,
    "average_resting_bp": 116.44740366016961,
    "average_bmi": 27.11311647429171
}