{
    "total_patients": 7000,
    "average_age": 51.91985714285714,
    "average_cholesterol": 184.64768252044834,
    "average_resting_bp": 116.44791666666667,
    "average_bmi": 27.11335832083958
}