{
    "random_forest": {
        "accuracy": 0.7635714285714286,
        "precision": 0.754,
        "recall": 0.6444444444444445,
        "f1": 0.6949308755760368
    },
    "deep_learning": {
        "accuracy": 0.7735714285714286,
        "precision": 0.7218543046357616,
        "recall": 0.7452991452991453,
        "f1": 0.7333894028595458
    }
}