{
    "random_forest": {
        "accuracy": 0.7723054960742327,
        "precision": 0.77,
        "recall": 0.6536502546689303,
        "f1": 0.7070707070707071
    },
    "deep_learning": {
        "accuracy": 0.761598857958601,
        "precision": 0.7356746765249538,
        "recall": 0.6757215619694398,
        "f1": 0.7044247787610619
    }
}